colum1,colum2
-0.17511530704691558,-0.827970186201088
0.14285722654428057,1.7775803252804288
0.3843749888804125,-0.9921974944148888
0.1304172065741271,-0.27421041597539964
-0.20949846125675342,-1.67580141864454
0.17528244362036977,-0.9129491031588082
-0.3498246980971208,0.099109437498444
0.04641725818328135,1.1445721637986597
0.017764629675083188,0.43804613676244986
-0.16267528707676193,1.22382055505474
